t_sec,target_yaw,actual_yaw,error_deg,omega_cmd
0.000162916,3.67651,3.67651,0,0
0.0200096,3.67651,3.67692,-0.000417534,-7.28734e-05
0.0400277,3.67651,3.67692,-0.000417534,0
0.0599962,3.67651,3.6765,9.25819e-06,7.44893e-05
0.0799993,3.67651,3.6765,9.25819e-06,0
0.0999889,3.67651,3.67702,-0.000513977,-9.13218e-05
0.119961,3.67651,3.68076,-0.00425858,-0.000653556
0.140001,3.67651,3.68076,-0.00425858,0
0.159993,3.67651,3.68226,-0.00575274,-0.000260782
0.179998,3.67651,3.68226,-0.00575274,0
0.200003,3.67651,3.63276,0.0437427,0.00863859
0.219992,3.67651,3.62872,0.0477883,0.000706084
0.240008,3.67651,3.62872,0.0477883,0
0.260011,3.67651,3.62341,0.053099,0.000926891
0.280006,3.67651,3.62341,0.053099,0
0.300021,3.67651,3.5503,0.126206,0.0127597
0.320007,3.67651,3.50105,0.175457,0.00859578
0.340015,3.67651,3.50105,0.175457,0
0.360009,3.67651,3.4881,0.188404,0.00225981
0.380012,3.67651,3.4881,0.188404,0
0.400023,3.67651,3.43478,0.24173,0.00930707
0.41999,3.67651,3.41943,0.257076,0.00267834
0.440019,3.67651,3.41943,0.257076,0
0.460002,3.67651,3.40271,0.273796,0.00291821
0.480018,3.67651,3.40271,0.273796,0
0.500027,3.67651,3.3717,0.304807,0.00541253
0.520023,3.67651,3.45884,0.21767,-0.0152084
0.540029,3.67651,3.45884,0.21767,0
0.560019,3.67651,3.48654,0.189962,-0.00483582
0.580003,3.67651,3.48654,0.189962,0
0.600026,3.67651,3.56736,0.109145,-0.0141053
0.620034,3.67651,3.49638,0.180124,0.0123882
0.640013,3.67651,3.49638,0.180124,0
0.66003,3.67651,3.42924,0.247268,0.0117187
0.680017,3.67651,3.42924,0.247268,0
0.70003,3.67651,3.39381,0.282696,0.00618338
0.720012,3.67651,3.35435,0.32216,0.00688778
0.740037,3.67651,3.35435,0.32216,0
0.760021,3.67651,3.34794,0.328568,0.00111846
0.780015,3.67651,3.34794,0.328568,0
0.800026,3.67651,3.34354,0.332966,0.000767544
0.820006,3.67651,3.39075,0.28576,-0.00823896
0.840023,3.67651,3.39075,0.28576,0
0.860084,3.67651,3.4945,0.182004,-0.0181089
0.880024,3.67651,3.4945,0.182004,0
0.90004,3.67651,3.51972,0.156782,-0.00440204
0.92001,3.67651,3.53689,0.139611,-0.00299681
0.940028,3.67651,3.53689,0.139611,0
0.960021,3.67651,3.5923,0.0842051,-0.00967019
0.98002,3.67651,3.5923,0.0842051,0
1.00004,3.67651,3.42401,0.252497,0.0293725
1.02002,3.67651,3.38496,0.291549,0.00681584
1.04004,3.67651,3.38496,0.291549,0
1.06004,3.67651,3.40053,0.275978,-0.00271763
1.08004,3.67651,3.40053,0.275978,0
1.10004,3.67651,3.32214,0.354371,0.013682
1.12002,3.67651,3.31717,0.35934,0.000867413
1.14003,3.67651,3.31717,0.35934,0
1.16003,3.67651,3.36523,0.311281,-0.00838794
1.18003,3.67651,3.36523,0.311281,0
1.20003,3.67651,3.40702,0.269487,-0.00729441
1.22002,3.67651,3.56929,0.107219,-0.0283212
1.24003,3.67651,3.56929,0.107219,0
1.26003,3.67651,3.5818,0.0947016,-0.00218469
1.28003,3.67651,3.5818,0.0947016,0
1.30005,3.67651,3.60236,0.0741492,-0.00358708
1.32003,3.67651,3.50394,0.17257,0.0171778
1.34003,3.67651,3.50394,0.17257,0
1.36004,3.67651,3.45423,0.222273,0.00867468
1.38002,3.67651,3.45423,0.222273,0
1.39999,3.67651,3.41944,0.257062,0.00607185
1.42001,3.67651,3.38603,0.290476,0.00583192
1.44004,3.67651,3.38603,0.290476,0
1.46003,3.67651,3.42446,0.25205,-0.00670669
1.48002,3.67651,3.42446,0.25205,0
1.50004,3.67651,3.44081,0.235694,-0.00285461
1.52002,3.67651,3.4247,0.251807,0.00281223
1.54005,3.67651,3.4247,0.251807,0
1.56005,3.67651,3.52384,0.152671,-0.0173025
1.58004,3.67651,3.52384,0.152671,0
1.60006,3.67651,3.52499,0.151512,-0.00020217
1.62003,3.67651,3.53384,0.142664,-0.00154435
1.64006,3.67651,3.53384,0.142664,0
1.66004,3.67651,3.51678,0.159724,0.00297754
1.68004,3.67651,3.51678,0.159724,0
1.70007,3.67651,3.42435,0.252153,0.0161319
1.72002,3.67651,3.36257,0.313937,0.0107834
1.74006,3.67651,3.36257,0.313937,0
1.76003,3.67651,3.38011,0.296391,-0.00306228
1.78003,3.67651,3.38011,0.296391,0
1.80004,3.67651,3.38937,0.287141,-0.00161451
1.82001,3.67651,3.41302,0.263485,-0.00412871
1.84007,3.67651,3.41302,0.263485,0
1.86003,3.67651,3.51239,0.164114,-0.0173435
1.88003,3.67651,3.51239,0.164114,0
1.90003,3.67651,3.53307,0.143437,-0.00360886
1.92001,3.67651,3.53391,0.142599,-0.000146366
1.94003,3.67651,3.53391,0.142599,0
1.96008,3.67651,3.58756,0.0889433,-0.00936461
1.98004,3.67651,3.58756,0.0889433,0
2.00004,3.67651,3.6643,0.0122076,-0.0133929
2.02004,3.67651,3.6053,0.0712065,0.0102972
2.04005,3.67651,3.6053,0.0712065,0
2.06003,3.67651,3.50882,0.167691,0.0168397
2.08004,3.67651,3.50882,0.167691,0
2.10005,3.67651,3.49179,0.184719,0.00297202
2.12004,3.67651,3.47364,0.20287,0.00316784
2.14006,3.67651,3.47364,0.20287,0
2.16005,3.67651,3.47399,0.202512,-6.24861e-05
2.18006,3.67651,3.47399,0.202512,0
2.20005,3.67651,3.47487,0.201633,-0.00015341
2.22002,3.67651,3.54262,0.133884,-0.0118243
2.24007,3.67651,3.54262,0.133884,0
2.26004,3.67651,3.66924,0.00727026,-0.0220983
2.28006,3.67651,3.66924,0.00727026,0
2.30006,3.67651,3.64459,0.0319171,0.00430168
2.32003,3.67651,3.72082,-0.0443132,-0.0133047
2.34006,3.67651,3.72082,-0.0443132,0
2.36004,3.67651,3.76792,-0.0914107,-0.00822007
2.38007,3.67651,3.76792,-0.0914107,0
2.40006,3.67651,3.51781,0.1587,0.0436526
2.42005,3.67651,3.50978,0.166722,0.0014001
2.44006,3.67651,3.50978,0.166722,0
2.46006,3.67651,3.47672,0.199786,0.00577076
2.48007,3.67651,3.47672,0.199786,0
2.50006,3.67651,3.44,0.236504,0.00640848
2.52002,3.67651,3.43255,0.243952,0.00129996
2.54004,3.67651,3.43255,0.243952,0
2.56006,3.67651,3.44107,0.235437,-0.00148618
2.58007,3.67651,3.44107,0.235437,0
2.60008,3.67651,3.4592,0.217309,-0.00316397
2.62009,3.67651,3.48857,0.187938,-0.00512627
2.64005,3.67651,3.48857,0.187938,0
2.66006,3.67651,3.45738,0.219127,0.00544366
2.68004,3.67651,3.45738,0.219127,0
2.70015,3.67651,3.50868,0.167821,-0.00895462
2.72004,3.67651,3.44386,0.232646,0.0113141
2.74007,3.67651,3.44386,0.232646,0
2.76007,3.67651,3.40873,0.267774,0.00613099
2.78006,3.67651,3.40873,0.267774,0
2.80007,3.67651,3.40983,0.266675,-0.000191864
2.82005,3.67651,3.36209,0.314419,0.00833286
2.84007,3.67651,3.36209,0.314419,0
2.86007,3.67651,3.32862,0.34789,0.00584177
2.88008,3.67651,3.32862,0.34789,0
2.9001,3.67651,3.3469,0.329604,-0.00319137
2.92005,3.67651,3.35584,0.32067,-0.00155928
2.94007,3.67651,3.35584,0.32067,0
2.96007,3.67651,3.47611,0.200399,-0.0209914
2.98007,3.67651,3.47611,0.200399,0
3.00008,3.67651,3.47886,0.197648,-0.000480035
3.02005,3.67651,3.52535,0.151153,-0.008115
3.04008,3.67651,3.52535,0.151153,0
3.06006,3.67651,3.54933,0.127175,-0.00418489
3.08006,3.67651,3.54933,0.127175,0
3.10007,3.67651,3.49098,0.18553,0.0101849
3.12007,3.67651,3.44246,0.234046,0.00846758
3.14008,3.67651,3.44246,0.234046,0
3.16008,3.67651,3.39656,0.279946,0.00801113
3.18005,3.67651,3.39656,0.279946,0
3.20007,3.67651,3.44313,0.233379,-0.00812745
3.22008,3.67651,3.41993,0.256578,0.00404893
3.24004,3.67651,3.41993,0.256578,0
3.26008,3.67651,3.47904,0.197464,-0.0103174
3.28007,3.67651,3.47904,0.197464,0
3.30009,3.67651,3.58603,0.0904798,-0.0186722
3.32008,3.67651,3.57839,0.0981164,0.00133284
3.34008,3.67651,3.57839,0.0981164,0
3.36009,3.67651,3.57245,0.104054,0.00103625
3.38007,3.67651,3.57245,0.104054,0
3.40009,3.67651,3.61998,0.0565281,-0.00829479
3.42009,3.67651,3.54113,0.135377,0.0137617
3.44008,3.67651,3.54113,0.135377,0
3.46009,3.67651,3.45035,0.226152,0.0158432
3.48009,3.67651,3.45035,0.226152,0
3.50008,3.67651,3.42873,0.247773,0.00377364
3.52008,3.67651,3.40153,0.274978,0.00474819
3.54009,3.67651,3.40153,0.274978,0
3.56009,3.67651,3.42154,0.254968,-0.00349244
3.58008,3.67651,3.42154,0.254968,0
3.60008,3.67651,3.42534,0.251166,-0.000663576
3.62006,3.67651,3.40235,0.274153,0.0040121
3.64007,3.67651,3.40235,0.274153,0
3.66007,3.67651,3.42589,0.250615,-0.00410827
3.68007,3.67651,3.42589,0.250615,0
3.7001,3.67651,3.43196,0.24455,-0.00105845
3.72008,3.67651,3.46657,0.20994,-0.0060407
3.74007,3.67651,3.46657,0.20994,0
3.7601,3.67651,3.49338,0.183131,-0.00467903
3.7801,3.67651,3.49338,0.183131,0
3.8001,3.67651,3.46294,0.213562,0.00531129
3.82007,3.67651,3.43212,0.244389,0.00538031
3.84009,3.67651,3.43212,0.244389,0
3.8601,3.67651,3.41383,0.262674,0.00319134
3.88008,3.67651,3.41383,0.262674,0
3.90008,3.67651,3.41984,0.256665,-0.00104882
3.92008,3.67651,3.39422,0.282284,0.00447133
3.94008,3.67651,3.39422,0.282284,0
3.96009,3.67651,3.41321,0.263295,-0.00331411
3.98008,3.67651,3.41321,0.263295,0
4.00011,3.67651,3.47022,0.206281,-0.00995086
4.02007,3.67651,3.42592,0.250583,0.00773207
4.0401,3.67651,3.42592,0.250583,0
4.06009,3.67651,3.46105,0.215458,-0.00613044
4.08009,3.67651,3.46105,0.215458,0
4.1001,3.67651,3.60725,0.0692545,-0.0255173
4.12007,3.67651,3.49804,0.178466,0.019061
4.14009,3.67651,3.49804,0.178466,0
4.1601,3.67651,3.49319,0.18332,0.000847205
4.18009,3.67651,3.49319,0.18332,0
4.20009,3.67651,3.47074,0.205767,0.00391783
4.2201,3.67651,3.41013,0.266377,0.0105784
4.24011,3.67651,3.41013,0.266377,0
4.26011,3.67651,3.38079,0.295713,0.00512004
4.28011,3.67651,3.38079,0.295713,0
4.3001,3.67651,3.384,0.29251,-0.000558935
4.32005,3.67651,3.48881,0.187693,-0.0182941
4.3401,3.67651,3.48881,0.187693,0
4.36011,3.67651,3.56506,0.111444,-0.0133078
4.3801,3.67651,3.56506,0.111444,0
4.40011,3.67651,3.45285,0.22366,0.0195853
4.42007,3.67651,3.41589,0.260615,0.00644983
4.44011,3.67651,3.41589,0.260615,0
4.46012,3.67651,3.50955,0.166959,-0.0163461
4.4801,3.67651,3.50955,0.166959,0
4.5001,3.67651,3.40443,0.272072,0.0183458
4.52009,3.67651,3.42362,0.252885,-0.00334884
4.54012,3.67651,3.42362,0.252885,0
4.56006,3.67651,3.4144,0.262103,0.00160887
4.5801,3.67651,3.4144,0.262103,0
4.6001,3.67651,3.38918,0.287325,0.00440201
4.6201,3.67651,3.41364,0.262862,-0.00426949
4.64011,3.67651,3.41364,0.262862,0
4.6601,3.67651,3.44174,0.234764,-0.00490402
4.6801,3.67651,3.44174,0.234764,0
4.70012,3.67651,3.54604,0.130463,-0.018204
4.7201,3.67651,3.5222,0.154304,0.00416105
4.74011,3.67651,3.5222,0.154304,0
4.76009,3.67651,3.4649,0.211601,0.0100002
4.78005,3.67651,3.4649,0.211601,0
4.80014,3.67651,3.46566,0.210849,-0.000131319
4.82006,3.67651,3.36049,0.316014,0.0183548
4.84011,3.67651,3.36049,0.316014,0
4.8601,3.67651,3.37933,0.297178,-0.00328755
4.88014,3.67651,3.37933,0.297178,0
4.90009,3.67651,3.41161,0.264891,-0.0056351
4.92007,3.67651,3.4501,0.226402,-0.0067176
4.94013,3.67651,3.4501,0.226402,0
4.96011,3.67651,3.46593,0.210575,-0.00276245
4.98012,3.67651,3.46593,0.210575,0
5.0001,3.67651,3.45397,0.222535,0.00208742
5.02009,3.67651,3.56054,0.115965,-0.0185998
5.04011,3.67651,3.56054,0.115965,0
5.0601,3.67651,3.55087,0.125632,0.00168709
5.08013,3.67651,3.55087,0.125632,0
5.10012,3.67651,3.59103,0.0854724,-0.00700913
5.1201,3.67651,3.70195,-0.025444,-0.0193586
5.14013,3.67651,3.70195,-0.025444,0
5.16011,3.67651,3.56087,0.115631,0.0246223
5.18014,3.67651,3.56087,0.115631,0
5.20012,3.67651,3.47113,0.205377,0.0156637
5.22008,3.67651,3.40762,0.268888,0.0110847
5.24013,3.67651,3.40762,0.268888,0
5.2601,3.67651,3.37938,0.297121,0.00492762
5.28012,3.67651,3.37938,0.297121,0
5.30011,3.67651,3.35798,0.318524,0.00373552
5.3201,3.67651,3.35764,0.31887,6.03668e-05
5.34014,3.67651,3.35764,0.31887,0
5.36011,3.67651,3.40232,0.27419,-0.0077981
5.38012,3.67651,3.40232,0.27419,0
5.40012,3.67651,3.51205,0.16446,-0.0191517
5.42012,3.67651,3.53141,0.145097,-0.00337948
5.44012,3.67651,3.53141,0.145097,0
5.46012,3.67651,3.63761,0.0388912,-0.0185363
5.48012,3.67651,3.63761,0.0388912,0
5.50012,3.67651,3.58293,0.0935761,0.00954432
5.52012,3.67651,3.47689,0.199617,0.0185076
5.54014,3.67651,3.47689,0.199617,0
5.56011,3.67651,3.37753,0.298973,0.0173409
5.58012,3.67651,3.37753,0.298973,0
5.60013,3.67651,3.33635,0.340157,0.00718791
5.62011,3.67651,3.33335,0.343156,0.000523439
5.64009,3.67651,3.33335,0.343156,0
5.66012,3.67651,3.31861,0.3579,0.00257341
5.68013,3.67651,3.31861,0.3579,0
5.70013,3.67651,3.37366,0.302844,-0.0096091
5.72011,3.67651,3.4224,0.254105,-0.00850658
5.74013,3.67651,3.4224,0.254105,0
5.76012,3.67651,3.41553,0.260976,0.00119923
5.78012,3.67651,3.41553,0.260976,0
5.80013,3.67651,3.41725,0.259259,-0.00029964
5.82013,3.67651,3.41805,0.258455,-0.000140306
5.84014,3.67651,3.41805,0.258455,0
5.86013,3.67651,3.31256,0.363943,0.018411
5.88014,3.67651,3.31256,0.363943,0
5.90012,3.67651,3.26965,0.406856,0.00748984
5.92012,3.67651,3.24179,0.434717,0.0048626
5.94012,3.67651,3.24179,0.434717,0
5.96015,3.67651,3.23118,0.445325,0.00185156
5.98013,3.67651,3.23118,0.445325,0
6.00016,3.67651,3.23022,0.446285,0.000167544
6.02012,3.67651,3.25725,0.419255,-0.00471771
6.04015,3.67651,3.25725,0.419255,0
6.06014,3.67651,3.27189,0.404616,-0.00255504
6.08013,3.67651,3.27189,0.404616,0
6.10014,3.67651,3.38161,0.294895,-0.0191499
6.12014,3.67651,3.3991,0.27741,-0.00305161
6.14014,3.67651,3.3991,0.27741,0
6.16013,3.67651,3.43994,0.236571,-0.00712784
6.18014,3.67651,3.43994,0.236571,0
6.20014,3.67651,3.37065,0.305853,0.0120921
6.22014,3.67651,3.27309,0.403421,0.0170288
6.24014,3.67651,3.27309,0.403421,0
6.26014,3.67651,3.28788,0.388622,-0.00258296
6.28012,3.67651,3.28788,0.388622,0
6.30014,3.67651,3.25967,0.416833,0.00492379
6.32014,3.67651,3.18449,0.492014,0.0131216
6.34013,3.67651,3.18449,0.492014,0
6.36014,3.67651,3.20718,0.469328,-0.00395944
6.38015,3.67651,3.20718,0.469328,0
6.40015,3.67651,3.36382,0.312686,-0.0273393
6.42013,3.67651,3.33808,0.338425,0.00449228
6.44014,3.67651,3.33808,0.338425,0
6.46014,3.67651,3.31032,0.366184,0.00484491
6.48014,3.67651,3.31032,0.366184,0
6.50015,3.67651,3.39538,0.281127,-0.0148452
6.52014,3.67651,3.36189,0.314621,0.00584574
6.54015,3.67651,3.36189,0.314621,0
6.56014,3.67651,3.18693,0.489578,0.0305358
6.58014,3.67651,3.18693,0.489578,0
6.60015,3.67651,3.19182,0.484682,-0.000854499
6.62019,3.67651,3.18046,0.496045,0.00198328
6.64015,3.67651,3.18046,0.496045,0
6.66015,3.67651,3.13057,0.54594,0.00870823
6.68015,3.67651,3.13057,0.54594,0
6.70015,3.67651,3.1224,0.55411,0.00142602
6.72013,3.67651,3.1991,0.477407,-0.0133872
6.74016,3.67651,3.1991,0.477407,0
6.76015,3.67651,3.23909,0.43742,-0.00697904
6.78015,3.67651,3.23909,0.43742,0
6.80016,3.67651,3.31431,0.362201,-0.0131283
6.82015,3.67651,3.31481,0.361696,-8.81159e-05
6.84015,3.67651,3.31481,0.361696,0
6.86016,3.67651,3.38618,0.290327,-0.0124562
6.88015,3.67651,3.38618,0.290327,0
6.90016,3.67651,3.2586,0.41791,0.0222673
6.92014,3.67651,3.21077,0.46574,0.00834794
6.94015,3.67651,3.21077,0.46574,0
6.96017,3.67651,3.188,0.488506,0.00397348
6.9801,3.67651,3.188,0.488506,0
7.00017,3.67651,3.17403,0.502479,0.00243873
7.02014,3.67651,3.16313,0.513373,0.0019013
7.04016,3.67651,3.16313,0.513373,0
7.06015,3.67651,3.21127,0.465233,-0.00840191
7.08015,3.67651,3.21127,0.465233,0
7.10016,3.67651,3.25151,0.424996,-0.0070228
7.12015,3.67651,3.35033,0.326173,-0.0172478
7.14016,3.67651,3.35033,0.326173,0
7.16015,3.67651,3.33096,0.345542,0.00338049
7.18015,3.67651,3.33096,0.345542,0
7.20015,3.67651,3.29534,0.381168,0.00621799
7.22013,3.67651,3.2737,0.402803,0.00377593
7.24016,3.67651,3.2737,0.402803,0
7.26014,3.67651,3.12637,0.550135,0.0257144
7.28014,3.67651,3.12637,0.550135,0
7.30016,3.67651,3.09686,0.579646,0.00515054
7.32013,3.67651,3.10951,0.566996,-0.00220782
7.34016,3.67651,3.10951,0.566996,0
7.36015,3.67651,3.08691,0.589599,0.00394497
7.38015,3.67651,3.08691,0.589599,0
7.40017,3.67651,3.04952,0.626984,0.00652488
7.42015,3.67651,3.05948,0.617026,-0.00173794
7.44014,3.67651,3.05948,0.617026,0
7.46017,3.67651,3.13572,0.540789,-0.0133058
7.48015,3.67651,3.13572,0.540789,0
7.50016,3.67651,3.19898,0.477528,-0.0110411
7.52015,3.67651,3.15689,0.519618,0.00734608
7.54019,3.67651,3.15689,0.519618,0
7.56016,3.67651,3.21286,0.46365,-0.00976827
7.58017,3.67651,3.21286,0.46365,0
7.60016,3.67651,3.17628,0.500225,0.00638347
7.62015,3.67651,3.15308,0.523428,0.00404976
7.64015,3.67651,3.15308,0.523428,0
7.66018,3.67651,3.1298,0.54671,0.00406336
7.68015,3.67651,3.1298,0.54671,0
7.70016,3.67651,3.10497,0.571539,0.00433346
7.72013,3.67651,3.103,0.573504,0.000343068
7.74016,3.67651,3.103,0.573504,0
7.76016,3.67651,3.08117,0.595335,0.00381013
7.78017,3.67651,3.08117,0.595335,0
7.80017,3.67651,3.15416,0.52235,-0.0127382
7.82014,3.67651,3.2661,0.410405,-0.0195381
7.84017,3.67651,3.2661,0.410405,0
7.86015,3.67651,3.23311,0.4434,0.00575869
7.88017,3.67651,3.23311,0.4434,0
7.90017,3.67651,3.23098,0.445521,0.000370306
7.92015,3.67651,3.20411,0.4724,0.00469117
7.94017,3.67651,3.20411,0.4724,0
7.96018,3.67651,3.11854,0.557963,0.0149335
7.98018,3.67651,3.11854,0.557963,0
8.00017,3.67651,3.12374,0.552769,-0.00090653
8.02015,3.67651,3.09275,0.583757,0.00540851
8.04017,3.67651,3.09275,0.583757,0
8.06016,3.67651,3.07496,0.601545,0.00310452
8.08016,3.67651,3.07496,0.601545,0
8.10018,3.67651,3.10253,0.57398,-0.00481092
8.12016,3.67651,3.12813,0.548378,-0.00446847
8.14018,3.67651,3.12813,0.548378,0
8.16017,3.67651,3.17001,0.506496,-0.00730966
8.18045,3.67651,3.17001,0.506496,0
8.20014,3.67651,3.19661,0.479897,-0.00464248
8.22011,3.67651,3.25248,0.424029,-0.00975073
8.24018,3.67651,3.25248,0.424029,0
8.26016,3.67651,3.2786,0.397907,-0.00455924
8.28019,3.67651,3.2786,0.397907,0
8.30017,3.67651,3.17037,0.506132,0.0188889
8.32016,3.67651,3.06004,0.616462,0.0192563
8.34018,3.67651,3.06004,0.616462,0
8.36017,3.67651,3.04706,0.62945,0.00226668
8.38018,3.67651,3.04706,0.62945,0
8.40018,3.67651,3.06056,0.615947,-0.00235671
8.42014,3.67651,3.0623,0.614205,-0.000303969
8.44019,3.67651,3.0623,0.614205,0
8.46019,3.67651,3.08294,0.593564,-0.00360247
8.48019,3.67651,3.08294,0.593564,0
8.50019,3.67651,3.18899,0.487519,-0.0185084
8.52016,3.67651,3.28469,0.391815,-0.0167036
8.54016,3.67651,3.28469,0.391815,0
8.56017,3.67651,3.33322,0.343289,-0.00846936
8.58018,3.67651,3.33322,0.343289,0
8.60019,3.67651,3.46303,0.213478,-0.0226563
8.6202,3.67651,3.33247,0.344036,0.0227868
8.64018,3.67651,3.33247,0.344036,0
8.66018,3.67651,3.08624,0.590263,0.0429746
8.68018,3.67651,3.08624,0.590263,0
8.70018,3.67651,3.06859,0.607917,0.00308118
8.72017,3.67651,2.99855,0.677961,0.0122249
8.74018,3.67651,2.99855,0.677961,0
8.76018,3.67651,2.99764,0.67887,0.000158703
8.78019,3.67651,2.99764,0.67887,0
8.80019,3.67651,3.02446,0.652045,-0.00468187
8.82019,3.67651,3.0724,0.604107,-0.0083667
8.8402,3.67651,3.0724,0.604107,0
8.86019,3.67651,3.10597,0.570539,-0.00585868
8.88019,3.67651,3.10597,0.570539,0
8.9002,3.67651,3.09015,0.586359,0.00276113
8.92018,3.67651,3.13573,0.540781,-0.00795497
8.94018,3.67651,3.13573,0.540781,0
8.96019,3.67651,3.15429,0.52222,-0.00323941
8.98019,3.67651,3.15429,0.52222,0
9.0002,3.67651,3.09619,0.580321,0.0101404
9.0202,3.67651,3.08871,0.587796,0.00130471
9.04019,3.67651,3.08871,0.587796,0
9.06018,3.67651,3.07603,0.60048,0.00221372
9.08025,3.67651,3.07603,0.60048,0
9.10019,3.67651,3.07319,0.603312,0.00049434
9.12019,3.67651,3.0566,0.619902,0.00289541
9.14019,3.67651,3.0566,0.619902,0
9.1602,3.67651,3.09097,0.58554,-0.00599727
9.1802,3.67651,3.09097,0.58554,0
9.2002,3.67651,3.13896,0.537548,-0.00837611
9.22019,3.67651,3.16625,0.510254,-0.00476366
9.24014,3.67651,3.16625,0.510254,0
9.2602,3.67651,3.21176,0.464745,-0.00794285
9.2802,3.67651,3.21176,0.464745,0
9.30021,3.67651,3.32242,0.354082,-0.0193143
9.3202,3.67651,3.20934,0.467168,0.0197372
9.34021,3.67651,3.20934,0.467168,0
9.36019,3.67651,3.08497,0.591533,0.0217058
9.3802,3.67651,3.08497,0.591533,0
9.40022,3.67651,3.08845,0.588056,-0.000606795
9.42018,3.67651,3.05713,0.619374,0.00546601
9.4402,3.67651,3.05713,0.619374,0
9.4602,3.67651,3.00076,0.675749,0.00983922
9.4802,3.67651,3.00076,0.675749,0
9.50021,3.67651,3.00227,0.674235,-0.000264299
9.5202,3.67651,3.22773,0.448779,-0.0393495
9.54021,3.67651,3.22773,0.448779,0
9.56021,3.67651,3.25058,0.425929,-0.00398806
9.5802,3.67651,3.25058,0.425929,0
9.6002,3.67651,3.1236,0.552906,0.0221616
9.62019,3.67651,3.18419,0.49232,-0.0105742
9.64021,3.67651,3.18419,0.49232,0
9.6602,3.67651,3.06972,0.60679,0.0199788
9.68021,3.67651,3.06972,0.60679,0
9.70021,3.67651,3.00367,0.672837,0.0115274
9.72021,3.67651,3.05491,0.621595,-0.00894337
9.74021,3.67651,3.05491,0.621595,0
9.76022,3.67651,3.06679,0.609719,-0.00207269
9.7802,3.67651,3.06679,0.609719,0
9.80019,3.67651,3.0656,0.610907,0.000207304
9.82019,3.67651,3.02425,0.65226,0.00721735
9.8402,3.67651,3.02425,0.65226,0
9.86022,3.67651,2.96716,0.709346,0.00996349
9.88021,3.67651,2.96716,0.709346,0
9.90022,3.67651,3.07171,0.604792,-0.0182481
9.92021,3.67651,3.07863,0.597874,-0.00120746
9.94021,3.67651,3.07863,0.597874,0
9.96022,3.67651,3.06013,0.616376,0.00322921
9.98021,3.67651,3.06013,0.616376,0
