t_sec,target,actual_0g,actual_200g,actual_400g
0.0,-60.0,0.24,0.0,0.0
0.02,-60.0,-0.7123154121863801,-0.23841650278964405,0.0
0.04,-60.0,-1.4345220170774287,-1.4318890949721785,-0.2384668947715949
0.06,-60.0,-2.39240395477402,-2.3933197360527894,-1.1950498866099633
0.08,-60.0,-3.828702409168642,-4.305569680978653,-2.392168846148085
0.1,-60.0,-5.74445196474899,-5.749271248987429,-3.11678930570239
0.12,-60.0,-7.426308684565772,-7.42856856957022,-3.8349728193107575
0.14,-60.0,-9.821511680256116,-9.345610072948936,-5.269419703103916
0.16,-60.0,-11.98208275034979,-11.266076519129781,-6.471716272322546
0.18,-60.0,-14.856381638163818,-13.66343420197069,-8.147657554100654
0.2,-60.0,-17.974880232034806,-16.538984406237507,-9.828235882558895
0.22,-60.0,-21.332452132180173,-19.423701106826265,-11.984343914021494
0.24,-60.0,-24.69078260869565,-23.013406538557522,-13.9071289209065
0.26,-60.0,-28.051767530259077,-26.137841352405726,-16.539954041362773
0.28,-60.0,-31.88755362231889,-29.734440000000006,-18.465884471117786
0.3,-60.0,-35.25494294294294,-33.335155031006195,-21.340119053574103
0.32,-60.0,-39.089106536078354,-37.41043034937771,-24.219556088782245
0.34,-60.0,-43.16634673065388,-41.48880047980809,-27.099694984749238
0.36,-60.0,-47.48371744238364,-45.581378272645196,-30.218313831383135
0.38,-60.0,-51.09190314188513,-49.649490004486765,-33.576814840742045
0.4,-60.0,-55.64375343698446,-53.97124756042636,-36.93698284914246
0.42,-60.0,-59.48813915129705,-59.00673433671683,-40.297150857542874
0.44,-60.0,-62.37452601069412,-61.66034870360194,-44.132934766308416
0.46,-60.0,-63.827541508301664,-63.824551365409626,-47.971212954170625
0.48,-60.0,-65.26825812906453,-65.74541456344645,-52.05041260315078
0.5,-60.0,-65.99377511244379,-67.427398739874,-56.12839580209894
0.52,-60.0,-66.0,-68.39227624806357,-61.165444900410385
0.54,-60.0,-65.76202820282029,-68.4,-63.82021286163994
0.56,-60.0,-65.52209937018894,-68.4,-67.07377681238121
0.58,-60.0,-64.80605011754113,-68.16163289809396,-69.87947389919124
0.6,-60.0,-64.8,-67.68345461815275,-70.14089045012662
0.62,-60.0,-63.847258161426,-67.20316990194117,-70.36383444035154
0.64,-60.0,-63.36395722993904,-65.76979004199161,-70.50305769063434
0.66,-60.0,-62.88422167807706,-64.56780234070222,-70.56
0.68,-60.0,-62.88,-63.60709761214906,-70.56
0.7000000000000001,-60.0,-63.35591693770328,-62.885256525652565,-70.56
0.72,-60.0,-63.36,-62.40336100830249,-70.48539226961348
0.74,-60.0,-63.59802444499876,-62.4,-70.0962750487232
0.76,-60.0,-63.362300893793375,-62.4,-68.85501100220044
0.78,-60.0,-63.36,-63.35332499624831,-67.05095835624657
0.8,-60.0,-63.59806867596342,-63.836544863784056,-66.3473150232628
0.8200000000000001,-60.0,-63.12419706205656,-64.07820053983805,-65.14702783747313
0.84,-60.0,-62.882111894405284,-64.08,-64.09636172660431
0.86,-60.0,-62.642028710048514,-64.15277665901746,-63.376132033008254
0.88,-60.0,-62.878091045522766,-64.22770758207277,-62.80538450007495
0.9,-60.0,-63.11835418960857,-64.30263850512807,-62.64
0.92,-60.0,-63.35817736697477,-64.41197525937748,-62.714599459945994
0.9400000000000001,-60.0,-62.64590045972417,-64.53168794892258,-63.178389402649344
0.96,-60.0,-63.354024597540246,-64.19348334833484,-64.06374631120893
0.98,-60.0,-63.36,-64.08,-64.70937709511183
1.0,-60.0,-63.12191980801919,-63.89667116914303,-65.04
1.02,-60.0,-62.88192,-63.84,-65.18913086913088
1.04,-60.0,-62.88,-64.02326836581709,-65.6688744372186
1.06,-60.0,-62.642038980509746,-64.08,-66.07455727863932
1.08,-60.0,-62.87796,-64.44672,-66.24
1.1,-60.0,-63.11784107946027,-64.56,-66.24
1.12,-60.0,-63.35807807807808,-64.37666833416708,-66.24
1.1400000000000001,-60.0,-63.36,-64.32,-66.24
1.16,-60.0,-63.598079999999996,-64.32,-66.1655172413793
1.18,-60.0,-63.12384,-64.32,-66.0
1.2,-60.0,-63.12,-64.137125748503,-65.92536805207811
1.22,-60.0,-62.88203898050975,-64.08,-65.83476784822766
1.24,-60.0,-62.88,-64.08,-65.92548000000001
1.26,-60.0,-62.88,-64.08,-65.76
1.28,-60.0,-62.403841920960474,-64.08,-65.83460269865068
1.3,-60.0,-63.11424,-64.26363545317976,-66.0
1.32,-60.0,-63.12,-64.32,-65.9255627813907
1.34,-60.0,-63.12,-64.5032967032967,-65.83452
1.36,-60.0,-63.12,-64.37666833416708,-66.0
1.3800000000000001,-60.0,-63.12,-63.770194902548724,-66.07448275862069
1.4000000000000001,-60.0,-62.88192,-64.33332666333168,-66.16552552552552
1.42,-60.0,-63.118318318318316,-64.19346326836582,-66.0
1.44,-60.0,-63.12,-64.08,-66.14904
1.46,-60.0,-63.12,-64.08,-66.33103448275862
1.48,-60.0,-62.882157842157845,-64.08,-65.9255627813907
1.5,-60.0,-63.11795897948974,-64.08,-65.76
1.52,-60.0,-63.12,-64.26344483275086,-65.76
1.54,-60.0,-63.12,-64.32,-65.83443721860931
1.56,-60.0,-62.88204,-63.40334167083542,-65.92544272136068
1.58,-60.0,-63.118079039519756,-64.0368,-65.76
1.6,-60.0,-63.12,-64.32,-65.76
1.62,-60.0,-63.12,-64.50336,-65.83460269865068
1.6400000000000001,-60.0,-62.889530266343826,-64.37664,-65.92544272136068
1.6600000000000001,-60.0,-62.88,-64.32,-65.83460269865068
1.68,-60.0,-62.88,-64.32,-65.92548000000001
1.7,-60.0,-63.11808,-64.13657657657657,-65.76
1.72,-60.0,-62.88192,-64.26338830584707,-65.83415122684026
1.74,-60.0,-63.11808,-64.13664,-66.0
1.76,-60.0,-63.12,-64.26335999999999,-66.0
1.78,-60.0,-62.88227658512232,-64.32,-65.92574850299401
1.8,-60.0,-62.88,-64.32,-65.76
1.82,-60.0,-62.88,-64.32,-65.76
1.84,-60.0,-63.11784107946027,-64.32,-65.68548
1.86,-60.0,-63.12,-64.32,-65.66911455727863
1.8800000000000001,-60.0,-62.882396405391916,-64.32,-66.0
1.9000000000000001,-60.0,-62.88,-64.32,-65.92566583541148
1.92,-60.0,-63.11796,-64.32,-65.76
1.94,-60.0,-62.88180180180181,-64.32,-65.83452820768846
1.96,-60.0,-62.88,-64.32,-65.92564564564564
1.98,-60.0,-62.88,-64.32,-65.83455727863932
2.0,-60.0,-63.11772227772228,-64.32,-65.92543456543457
2.02,-60.0,-63.12,-64.32,-65.8344
2.04,-60.0,-63.12,-64.13627254509018,-65.9255627813907
2.06,-60.0,-63.358198198198195,-64.26347305389221,-65.76
2.08,-60.0,-62.88407592407592,-64.32,-65.83452000000001
2.1,-60.0,-63.59388000000001,-64.13666833416708,-66.0
2.12,-60.0,-63.12384192096047,-64.08,-65.92562874251497
2.14,-60.0,-62.98602138435565,-64.26338830584707,-65.76
2.16,-60.0,-63.01490196078432,-64.32,-65.76
2.18,-60.0,-62.88228435455086,-64.32,-65.76
2.2,-60.0,-63.11796101949025,-64.13676,-65.76
2.22,-60.0,-63.12,-64.26324,-65.76
2.24,-60.0,-63.12,-64.32,-65.83455727863932
2.2600000000000002,-60.0,-63.12,-64.32,-65.92543456543456
2.2800000000000002,-60.0,-63.12,-64.32,-65.76
2.3000000000000003,-60.0,-63.12,-64.13666833416708,-65.76
2.32,-60.0,-62.881920960480244,-64.26335999999999,-65.61079460269866
2.34,-60.0,-62.88,-64.32,-65.50356
2.36,-60.0,-62.88,-64.32,-65.92548000000001
2.38,-60.0,-62.88,-64.32,-65.76
2.4,-60.0,-63.118079039519756,-64.13639278557115,-65.76
2.42,-60.0,-62.88203898050975,-64.26344483275086,-65.76
2.44,-60.0,-62.88,-64.32,-65.76
2.46,-60.0,-63.11808,-64.32,-65.76
2.48,-60.0,-63.12,-64.32,-65.76
2.5,-60.0,-62.88192,-64.32,-65.76
2.52,-60.0,-63.11760479041916,-64.32,-65.76
2.54,-60.0,-63.12,-64.32,-65.76
2.56,-60.0,-63.12,-64.32,-65.76
2.58,-60.0,-62.88192096048024,-64.32,-65.76
2.6,-60.0,-63.11808,-64.32,-65.76
2.62,-60.0,-63.12,-64.32,-65.76
2.64,-60.0,-63.12,-64.32,-65.76
2.66,-60.0,-63.12,-64.32,-65.83460269865068
2.68,-60.0,-63.12,-64.32,-66.0
2.7,-60.0,-63.12,-64.50336,-66.0
2.72,-60.0,-63.12,-64.92672,-65.9256
2.74,-60.0,-63.12,-64.4896448224112,-65.76
2.7600000000000002,-60.0,-63.12,-64.32,-65.83452000000001
2.7800000000000002,-60.0,-62.88192,-64.32,-65.92548
2.8000000000000003,-60.0,-63.11808,-64.32,-65.76
2.82,-60.0,-63.12,-64.32,-65.83455727863932
2.84,-60.0,-63.12,-64.32,-65.92539730134934
2.86,-60.0,-63.12,-64.32,-65.76
2.88,-60.0,-63.12,-64.32,-65.76
2.9,-60.0,-63.12,-64.32,-65.76
2.92,-60.0,-63.12,-64.32,-65.76
2.94,-60.0,-63.12,-64.32,-65.76
2.96,-60.0,-63.12,-64.32,-65.76
2.98,-60.0,-63.12,-64.32,-65.83455727863932
