t_sec,target_deg_rel,actual_deg_rel,actual_raw,target_raw
0.803673,180,120.96,503,1250
0.880917,180,120.96,503,1250
0.905069,180,120.96,503,1250
0.932084,180,120.96,503,1250
0.956859,180,121.68,506,1250
0.981014,180,125.28,521,1250
1.00101,180,126.24,525,1250
1.02101,180,129.6,539,1250
1.041,180,132.96,553,1250
1.061,180,136.56,568,1250
1.08101,180,140.4,584,1250
1.10101,180,144.48,601,1250
1.121,180,148.32,617,1250
1.14104,180,152.16,633,1250
1.16101,180,156.48,651,1250
1.18101,180,160.56,668,1250
1.201,180,164.64,685,1250
1.221,180,168.48,701,1250
1.24101,180,173.04,720,1250
1.26101,180,176.64,735,1250
1.28101,180,180.72,752,1250
1.30101,180,184.8,769,1250
1.32102,180,188.64,785,1250
1.34103,180,192.48,801,1250
1.36101,180,197.04,820,1250
1.38101,180,200.64,835,1250
1.40101,180,205.68,856,1250
1.421,180,208.8,869,1250
1.441,180,212.64,885,1250
1.46099,180,216.96,903,1250
1.48101,180,221.28,921,1250
1.50101,180,225.12,937,1250
1.52102,180,228.96,953,1250
1.54101,180,232.56,968,1250
1.56101,180,235.68,981,1250
1.581,180,238.32,992,1250
1.601,180,240.24,1000,1250
1.621,180,241.44,1005,1250
1.641,180,241.44,1005,1250
1.661,180,241.44,1005,1250
1.68101,180,240.72,1002,1250
1.70101,180,240.72,1002,1250
1.72101,180,240.72,1002,1250
1.74102,180,240,999,1250
1.761,180,240,999,1250
1.78101,180,240,999,1250
1.80101,180,240.72,1002,1250
1.82101,180,240.72,1002,1250
1.841,180,240.72,1002,1250
1.861,180,240.72,1002,1250
1.88101,180,240.72,1002,1250
1.90101,180,240.48,1001,1250
1.92101,180,240,999,1250
1.94102,180,240,999,1250
1.96096,180,240,999,1250
1.98101,180,240,999,1250
2.00101,180,240,999,1250
2.02101,180,240,999,1250
2.04101,180,240.24,1000,1250
2.06101,180,240,999,1250
2.081,180,240.24,1000,1250
2.101,180,240,999,1250
2.12101,180,240,999,1250
2.141,180,240.24,1000,1250
2.161,180,240,999,1250
2.18097,180,240,999,1250
2.201,180,240,999,1250
2.221,180,240,999,1250
2.241,180,240,999,1250
2.26101,180,240.24,1000,1250
2.281,180,240,999,1250
2.301,180,240.24,1000,1250
2.321,180,240,999,1250
2.341,180,240,999,1250
2.361,180,240.24,1000,1250
2.38101,180,240,999,1250
2.40099,180,240,999,1250
2.421,180,240,999,1250
2.44099,180,240.24,1000,1250
2.46101,180,240,999,1250
2.481,180,240,999,1250
2.501,180,240,999,1250
2.521,180,240.24,1000,1250
2.541,180,240,999,1250
2.561,180,240,999,1250
2.581,180,240.24,1000,1250
2.601,180,240,999,1250
2.621,180,240,999,1250
2.64101,180,240,999,1250
2.66096,180,240,999,1250
2.68102,180,240,999,1250
2.70101,180,240,999,1250
2.72103,180,240,999,1250
2.74102,180,240,999,1250
2.76101,180,240,999,1250
2.78099,180,240,999,1250
2.801,180,240.24,1000,1250
2.82102,180,240,999,1250
2.84106,180,240,999,1250
2.86101,180,240.24,1000,1250
2.88102,180,240.24,1000,1250
2.90101,180,240,999,1250
2.92102,180,240,999,1250
2.94104,180,240.24,1000,1250
2.96102,180,240,999,1250
2.98101,180,240.24,1000,1250
